1729452743.229405,192.168.1.25,86.9.181.127,TCP,54
1729452743.230913,192.168.1.25,95.124.185.112,TCP,54
1729452743.232379,192.168.1.25,51.61.179.111,TCP,54
1729452743.233231,192.168.1.25,137.84.235.154,TCP,54
1729452743.234233,192.168.1.25,162.16.214.50,TCP,54
1729452743.235247,192.168.1.25,52.241.84.231,TCP,54
1729452743.236095,192.168.1.25,54.159.212.2,TCP,54
1729452743.237322,192.168.1.25,206.55.213.155,TCP,54
1729452743.239393,192.168.1.25,130.246.1.244,TCP,54
1729452743.239292,192.168.1.25,141.103.77.82,TCP,54
1729452743.240894,192.168.1.25,196.137.218.88,TCP,54
1729452743.24243,192.168.1.25,197.223.166.153,TCP,54
1729452743.243247,192.168.1.25,147.98.42.236,TCP,54
1729452743.244248,192.168.1.25,12.197.253.112,TCP,54
1729452743.245275,192.168.1.25,95.247.244.214,TCP,54
1729452743.246295,192.168.1.25,49.70.115.221,TCP,54
1729452743.247224,192.168.1.25,54.52.77.60,TCP,54
1729452743.2482,192.168.1.25,100.99.28.186,TCP,54
1729452743.249203,192.168.1.25,95.142.196.216,TCP,54
1729452743.249212,192.168.1.25,207.137.188.193,TCP,54
1729452743.250718,192.168.1.25,112.22.142.231,TCP,54
1729452743.250776,192.168.1.25,208.190.1.245,TCP,54
1729452743.251829,192.168.1.25,141.6.133.211,TCP,54
1729452743.252948,192.168.1.25,96.180.237.178,TCP,54
1729452743.255453,192.168.1.25,216.137.245.55,TCP,54
1729452743.256738,192.168.1.25,1.82.24.152,TCP,54
1729452743.259063,192.168.1.25,20.187.176.231,TCP,54
1729452743.259979,192.168.1.25,49.49.101.38,TCP,54
1729452743.260917,192.168.1.25,39.21.6.216,TCP,54
1729452743.261824,192.168.1.25,104.220.227.70,TCP,54
1729452743.262804,192.168.1.25,115.7.45.246,TCP,54
1729452743.263611,192.168.1.25,7.28.18.186,TCP,54
1729452743.265125,192.168.1.25,161.144.155.114,TCP,54
1729452743.265956,192.168.1.25,195.247.248.127,TCP,54
1729452743.266839,192.168.1.25,58.107.125.253,TCP,54
1729452743.267842,192.168.1.25,43.113.102.224,TCP,54
1729452743.268798,192.168.1.25,203.199.249.77,TCP,54
1729452743.269989,192.168.1.25,107.175.248.167,TCP,54
1729452743.270825,192.168.1.25,182.80.137.161,TCP,54
1729452743.272146,192.168.1.25,6.98.183.246,TCP,54
1729452743.27328,192.168.1.25,17.217.62.233,TCP,54
1729452743.274068,192.168.1.25,196.232.231.109,TCP,54
1729452743.275086,192.168.1.25,1.88.50.21,TCP,54
1729452743.275964,192.168.1.25,74.91.13.39,TCP,54
1729452743.276954,192.168.1.25,150.193.95.100,TCP,54
1729452743.277764,192.168.1.25,138.41.11.115,TCP,54
1729452743.279994,192.168.1.25,235.191.107.225,TCP,54
1729452743.280981,192.168.1.25,15.115.14.8,TCP,54
1729452743.281456,192.168.1.25,195.165.67.173,TCP,54
1729452743.282589,192.168.1.25,121.191.107.120,TCP,54
1729452743.283743,192.168.1.25,208.168.210.130,TCP,54
1729452743.284499,192.168.1.25,11.9.252.247,TCP,54
1729452743.285469,192.168.1.25,29.151.47.238,TCP,54
1729452743.286466,192.168.1.25,147.21.74.218,TCP,54
1729452743.288447,192.168.1.25,225.79.66.224,TCP,54
1729452743.289686,192.168.1.25,38.127.88.22,TCP,54
1729452743.290479,192.168.1.25,100.38.196.24,TCP,54
1729452743.290966,192.168.1.25,139.150.163.16,TCP,54
1729452743.29176,192.168.1.25,24.106.55.252,TCP,54
1729452743.293044,192.168.1.25,95.137.141.245,TCP,54
1729452743.294198,192.168.1.25,125.234.224.169,TCP,54
1729452743.294531,192.168.1.25,17.127.222.99,TCP,54
1729452743.295535,192.168.1.25,121.52.236.28,TCP,54
1729452743.296608,192.168.1.25,14.76.81.96,TCP,54
1729452743.297476,192.168.1.25,149.142.3.129,TCP,54
1729452743.298475,192.168.1.25,4.210.17.125,TCP,54
1729452743.299483,192.168.1.25,178.36.19.76,TCP,54
1729452743.300541,192.168.1.25,113.128.47.224,TCP,54
1729452743.301099,192.168.1.25,218.134.224.155,TCP,54
1729452743.302155,192.168.1.25,32.213.251.172,TCP,54
1729452743.302977,192.168.1.25,137.130.242.79,TCP,54
1729452743.304221,192.168.1.25,104.84.30.198,TCP,54
1729452743.305023,192.168.1.25,54.27.13.176,TCP,54
1729452743.305991,192.168.1.25,220.159.25.12,TCP,54
1729452743.307047,192.168.1.25,139.15.155.159,TCP,54
1729452743.308055,192.168.1.25,107.184.57.154,TCP,54
1729452743.309011,192.168.1.25,228.64.231.196,TCP,54
1729452743.309004,192.168.1.25,56.25.62.97,TCP,54
1729452743.310787,192.168.1.25,198.48.15.143,TCP,54
1729452743.312489,192.168.1.25,182.149.176.180,TCP,54
1729452743.313586,192.168.1.25,101.146.74.126,TCP,54
1729452743.314563,192.168.1.25,49.193.54.171,TCP,54
1729452743.315668,192.168.1.25,26.187.172.3,TCP,54
1729452743.316541,192.168.1.25,46.88.214.44,TCP,54
1729452743.318551,192.168.1.25,87.252.14.87,TCP,54
1729452743.31972,192.168.1.25,192.55.125.65,TCP,54
1729452743.320683,192.168.1.25,162.26.143.79,TCP,54
1729452743.320558,192.168.1.25,97.202.32.93,TCP,54
1729452743.32164,192.168.1.25,26.8.187.176,TCP,54
1729452743.322795,192.168.1.25,163.229.41.2,TCP,54
1729452743.323763,192.168.1.25,167.63.176.214,TCP,54
1729452743.324768,192.168.1.25,161.215.230.24,TCP,54
1729452743.325897,192.168.1.25,23.158.10.244,TCP,54
1729452743.325906,192.168.1.25,56.107.29.41,TCP,54
1729452743.327352,192.168.1.25,122.179.117.118,TCP,54
1729452743.328353,192.168.1.25,221.237.139.219,TCP,54
1729452743.329316,192.168.1.25,80.77.100.106,TCP,54
1729452743.329322,192.168.1.25,68.158.38.238,TCP,54
1729452743.330796,192.168.1.25,98.158.62.139,TCP,54
1729452743.332193,192.168.1.25,221.177.104.37,TCP,54
1729452743.33325,192.168.1.25,88.190.252.215,TCP,54
1729452743.33412,192.168.1.25,63.31.124.158,TCP,54
1729452743.335496,192.168.1.25,132.108.41.15,TCP,54
1729452743.337568,192.168.1.25,179.189.160.167,TCP,54
1729452743.338974,192.168.1.25,43.113.63.170,TCP,54
1729452743.339318,192.168.1.25,132.222.76.206,TCP,54
1729452743.341204,192.168.1.25,47.234.45.29,TCP,54
1729452743.342962,192.168.1.25,44.38.150.84,TCP,54
1729452743.343775,192.168.1.25,21.216.237.205,TCP,54
1729452743.344734,192.168.1.25,229.47.177.244,TCP,54
1729452743.345725,192.168.1.25,134.163.232.165,TCP,54
1729452743.346537,192.168.1.25,137.19.143.28,TCP,54
1729452743.346716,192.168.1.25,38.29.20.252,TCP,54
1729452743.347718,192.168.1.25,18.228.203.90,TCP,54
1729452743.34888,192.168.1.25,25.99.195.242,TCP,54
1729452743.349756,192.168.1.25,175.84.107.41,TCP,54
1729452743.350761,192.168.1.25,87.63.14.13,TCP,54
1729452743.35165,192.168.1.25,234.80.40.188,TCP,54
1729452743.352474,192.168.1.25,239.100.68.29,TCP,54
1729452743.352836,192.168.1.25,217.32.210.15,TCP,54
1729452743.353844,192.168.1.25,222.158.244.93,TCP,54
1729452743.354855,192.168.1.25,33.138.30.195,TCP,54
1729452743.355946,192.168.1.25,155.240.65.196,TCP,54
1729452743.358837,192.168.1.25,23.103.229.145,TCP,54
1729452743.358856,192.168.1.25,235.103.195.220,TCP,54
1729452743.36035,192.168.1.25,67.146.231.250,TCP,54
1729452743.360857,192.168.1.25,140.57.66.185,TCP,54
1729452743.362297,192.168.1.25,147.223.67.55,TCP,54
1729452743.363175,192.168.1.25,222.180.74.220,TCP,54
1729452743.363968,192.168.1.25,8.34.56.83,TCP,54
1729452743.365177,192.168.1.25,126.92.232.197,TCP,54
1729452743.366397,192.168.1.25,81.243.66.145,TCP,54
1729452743.367443,192.168.1.25,183.2.61.16,TCP,54
1729452743.368226,192.168.1.25,210.40.102.49,TCP,54
1729452743.36954,192.168.1.25,46.52.184.106,TCP,54
1729452743.370784,192.168.1.25,99.25.165.238,TCP,54
1729452743.371759,192.168.1.25,160.167.137.114,TCP,54
1729452743.372609,192.168.1.25,47.173.5.154,TCP,54
1729452743.373425,192.168.1.25,237.162.101.133,TCP,54
1729452743.374274,192.168.1.25,69.71.90.198,TCP,54
1729452743.374708,192.168.1.25,187.181.65.172,TCP,54
1729452743.377253,192.168.1.25,89.29.59.151,TCP,54
1729452743.377747,192.168.1.25,157.86.201.154,TCP,54
1729452743.378726,192.168.1.25,119.128.27.132,TCP,54
1729452743.37976,192.168.1.25,35.137.113.45,TCP,54
1729452743.380715,192.168.1.25,180.144.219.155,TCP,54
1729452743.38161,192.168.1.25,146.244.254.199,TCP,54
1729452743.382866,192.168.1.25,148.21.180.144,TCP,54
1729452743.384083,192.168.1.25,212.171.23.90,TCP,54
1729452743.384787,192.168.1.25,238.10.96.146,TCP,54
1729452743.385664,192.168.1.25,230.24.37.191,TCP,54
1729452743.386754,192.168.1.25,65.15.231.69,TCP,54
1729452743.387522,192.168.1.25,200.155.180.159,TCP,54
1729452743.388756,192.168.1.25,167.219.115.92,TCP,54
1729452743.389812,192.168.1.25,133.65.89.123,TCP,54
1729452743.390938,192.168.1.25,139.192.103.137,TCP,54
1729452743.391969,192.168.1.25,185.125.122.31,TCP,54
1729452743.39196,192.168.1.25,178.148.11.53,TCP,54
1729452743.392952,192.168.1.25,63.133.189.25,TCP,54
1729452743.393969,192.168.1.25,236.135.53.56,TCP,54
1729452743.394992,192.168.1.25,38.132.245.190,TCP,54
1729452743.395987,192.168.1.25,126.23.136.182,TCP,54
1729452743.396098,192.168.1.25,130.25.125.204,TCP,54
1729452743.398349,192.168.1.25,73.79.139.207,TCP,54
1729452743.399406,192.168.1.25,170.49.39.96,TCP,54
1729452743.40084,192.168.1.25,87.44.25.163,TCP,54
1729452743.40152,192.168.1.25,52.9.192.170,TCP,54
1729452743.403542,192.168.1.25,64.1.66.64,TCP,54
1729452743.403934,192.168.1.25,64.99.232.163,TCP,54
1729452743.404804,192.168.1.25,124.51.190.76,TCP,54
1729452743.405639,192.168.1.25,209.213.30.103,TCP,54
1729452743.407773,192.168.1.25,66.216.16.239,TCP,54
1729452743.40877,192.168.1.25,66.227.9.6,TCP,54
1729452743.408767,192.168.1.25,148.210.62.211,TCP,54
1729452743.409884,192.168.1.25,13.59.186.210,TCP,54
1729452743.410993,192.168.1.25,232.7.139.160,TCP,54
1729452743.411998,192.168.1.25,114.138.181.22,TCP,54
1729452743.413132,192.168.1.25,105.96.211.236,TCP,54
1729452743.414939,192.168.1.25,160.207.5.249,TCP,54
1729452743.415822,192.168.1.25,201.147.115.42,TCP,54
1729452743.415812,192.168.1.25,166.125.67.173,TCP,54
1729452743.416812,192.168.1.25,56.243.121.118,TCP,54
1729452743.417867,192.168.1.25,83.125.188.253,TCP,54
1729452743.418837,192.168.1.25,16.254.100.13,TCP,54
1729452743.419812,192.168.1.25,79.4.20.80,TCP,54
1729452743.420807,192.168.1.25,166.223.54.39,TCP,54
1729452743.421616,192.168.1.25,166.68.20.103,TCP,54
1729452743.422844,192.168.1.25,98.119.89.90,TCP,54
1729452743.42396,192.168.1.25,216.126.171.176,TCP,54
1729452743.425029,192.168.1.25,82.13.50.93,TCP,54
1729452743.426751,192.168.1.25,137.33.183.222,TCP,54
1729452743.428865,192.168.1.25,78.86.23.99,TCP,54
1729452743.429392,192.168.1.25,19.65.32.103,TCP,54
1729452743.430895,192.168.1.25,234.64.95.125,TCP,54
1729452743.430952,192.168.1.25,97.48.74.217,TCP,54
1729452743.432422,192.168.1.25,67.71.12.88,TCP,54
1729452743.433347,192.168.1.25,121.57.177.100,TCP,54
1729452743.43426,192.168.1.25,220.205.251.171,TCP,54
1729452743.435239,192.168.1.25,52.82.241.205,TCP,54
1729452743.436241,192.168.1.25,105.110.222.124,TCP,54
1729452743.436241,192.168.1.25,204.83.252.75,TCP,54
1729452743.439414,192.168.1.25,20.97.177.233,TCP,54
1729452743.44032,192.168.1.25,52.50.140.247,TCP,54
1729452743.441146,192.168.1.25,93.15.87.134,TCP,54
1729452743.441771,192.168.1.25,164.65.97.60,TCP,54
1729452743.442762,192.168.1.25,7.125.100.150,TCP,54
1729452743.443794,192.168.1.25,208.162.178.123,TCP,54
1729452743.444778,192.168.1.25,21.253.220.77,TCP,54
1729452743.445016,192.168.1.25,239.35.81.180,TCP,54
1729452743.446801,192.168.1.25,216.76.145.33,TCP,54
1729452743.446806,192.168.1.25,166.239.76.6,TCP,54
1729452743.44763,192.168.1.25,77.85.64.215,TCP,54
1729452743.450782,192.168.1.25,211.96.153.177,TCP,54
1729452743.451586,192.168.1.25,172.177.149.80,TCP,54
1729452743.452529,192.168.1.25,116.116.145.74,TCP,54
1729452743.452886,192.168.1.25,194.230.49.128,TCP,54
1729452743.45384,192.168.1.25,13.116.211.235,TCP,54
1729452743.45466,192.168.1.25,113.245.52.22,TCP,54
1729452743.4558,192.168.1.25,35.94.222.126,TCP,54
1729452743.456595,192.168.1.25,97.59.109.43,TCP,54
1729452743.456795,192.168.1.25,139.9.198.42,TCP,54
1729452743.458712,192.168.1.25,56.250.138.2,TCP,54
1729452743.459019,192.168.1.25,229.224.29.119,TCP,54
1729452744.9275,192.168.1.25,104.244.42.193,TCP,54
1729452745.080737,104.244.42.193,192.168.1.25,TCP,454
1729452745.081247,192.168.1.25,104.244.42.193,TCP,89
1729452745.143569,104.244.42.193,192.168.1.25,TCP,60
1729452745.383405,,,TCP,75
1729452745.395477,,,TCP,86
1729452746.00772,,,TCP,117
1729452746.020489,,,TCP,74
1729452746.023413,,,TCP,114
1729452746.074118,,,TCP,74
1729452746.480335,192.168.1.25,162.159.136.234,TCP,54
1729452747.443148,13.69.239.78,192.168.1.25,SYN-ACK,66
1729452747.474318,13.69.239.78,192.168.1.25,TCP,153
1729452747.509537,13.69.239.78,192.168.1.25,TCP,1514
1729452747.510543,192.168.1.25,13.69.239.78,TCP,3499
1729452747.538932,13.69.239.78,192.168.1.25,TCP,157
1729452747.593444,192.168.1.25,13.69.239.78,TCP,54
1729452747.755775,13.69.239.78,192.168.1.25,TCP,518
1729452747.785675,13.69.239.78,192.168.1.25,TCP,60
1729452750.833169,,,TCP,5702
1729452750.840174,,,TCP,74
1729452750.840934,,,TCP,74
1729452750.881972,,,TCP,74
1729452751.121043,,,TCP,405
1729452751.12156,,,TCP,1434
1729452751.122689,,,TCP,1308
1729452751.128585,,,TCP,74
1729452751.16628,,,TCP,74
1729452752.7475,,,TCP,154
1729452752.766999,,,TCP,137
1729452752.809902,,,TCP,74
1729452753.873298,140.82.121.6,192.168.1.25,SYN-ACK,66
1729452753.882701,140.82.121.6,192.168.1.25,TCP,60
1729452753.891095,140.82.121.6,192.168.1.25,TCP,133
1729452753.8993,140.82.121.6,192.168.1.25,TCP,60
1729452754.040797,140.82.121.6,192.168.1.25,TCP,1127
1729452754.087891,192.168.1.25,140.82.121.6,TCP,54
1729452757.060284,,,TCP,154
1729452757.08446,,,TCP,137
1729452757.139223,,,TCP,74
1729452757.581828,162.159.136.234,192.168.1.25,TCP,120
1729452757.634521,192.168.1.25,162.159.136.234,TCP,54
1729452757.739217,162.159.136.234,192.168.1.25,TCP,255
1729452757.782378,192.168.1.25,162.159.136.234,TCP,54
1729452759.123202,162.159.136.234,192.168.1.25,TCP,125
1729452759.173277,192.168.1.25,162.159.136.234,TCP,54
1729452759.63287,192.168.1.25,20.111.1.3,TCP,880
1729452759.663228,20.111.1.3,192.168.1.25,TCP,432
1729452759.710033,192.168.1.25,20.111.1.3,TCP,54
1729452760.476234,192.168.1.25,20.42.73.25,TCP,173
1729452760.572771,20.42.73.25,192.168.1.25,TCP,60
1729452760.574112,20.42.73.25,192.168.1.25,TCP,60
1729452760.616058,192.168.1.25,20.42.73.25,TCP,54
1729452760.709891,20.42.73.25,192.168.1.25,TCP,153
1729452760.858421,20.42.73.25,192.168.1.25,TCP,60
1729452762.141421,162.159.136.234,192.168.1.25,TCP,101
1729452762.148109,162.159.136.234,192.168.1.25,TCP,107
1729452762.163594,162.159.136.234,192.168.1.25,TCP,97
1729452763.192274,192.168.1.25,52.182.143.213,SYN Flood,66
1729452763.31995,52.182.143.213,192.168.1.25,SYN-ACK,66
1729452763.320678,192.168.1.25,52.182.143.213,TCP,443
1729452763.454448,52.182.143.213,192.168.1.25,TCP,153
1729452763.457479,192.168.1.25,52.182.143.213,TCP,514
1729452763.610884,52.182.143.213,192.168.1.25,TCP,1514
1729452763.613041,192.168.1.25,52.182.143.213,TCP,128
1729452763.614441,192.168.1.25,52.182.143.213,TCP,1064
1729452763.740181,52.182.143.213,192.168.1.25,TCP,60
1729452763.743852,52.182.143.213,192.168.1.25,TCP,157
1729452763.748071,52.182.143.213,192.168.1.25,TCP,499
1729452766.497867,,,TCP,154
1729452766.515154,,,TCP,137
1729452766.560858,,,TCP,74
1729452769.303445,162.159.136.234,192.168.1.25,TCP,227
1729452769.350995,192.168.1.25,162.159.136.234,TCP,54
1729452770.810095,,,TCP,154
1729452770.838713,,,TCP,137
1729452770.889993,,,TCP,74
1729452771.311855,,,TCP,86
1729452771.752926,,,TCP,75
1729452771.760282,,,TCP,86
1729452774.989983,192.168.1.25,20.42.73.25,TCP,172
1729452775.083539,20.42.73.25,192.168.1.25,TCP,60
1729452775.085198,20.42.73.25,192.168.1.25,TCP,60
1729452775.130406,192.168.1.25,20.42.73.25,TCP,54
1729452775.223115,20.42.73.25,192.168.1.25,TCP,148
1729452775.321997,140.82.121.6,192.168.1.25,TCP,60
1729452775.357547,20.42.73.25,192.168.1.25,TCP,60
1729452775.365751,192.168.1.25,140.82.121.6,TCP,54
1729452775.415771,192.168.1.25,140.82.121.6,TCP,204
1729452775.466854,140.82.121.6,192.168.1.25,TCP,60
1729452775.521637,192.168.1.25,140.82.121.6,TCP,54
1729452775.664044,140.82.121.6,192.168.1.25,TCP,1135
1729452775.709359,192.168.1.25,140.82.121.6,TCP,54
1729452775.7262,192.168.1.25,20.111.1.3,TCP,880
1729452775.749354,20.111.1.3,192.168.1.25,TCP,432
1729452775.801454,192.168.1.25,152.199.19.160,TCP,55
1729452775.812871,152.199.19.160,192.168.1.25,TCP,60
1729452776.00854,,,TCP,117
1729452776.020696,,,TCP,74
1729452776.02427,,,TCP,114
1729452776.069722,,,TCP,74
1729452776.351611,,,TCP,86
1729452776.733487,192.168.1.25,162.159.136.234,TCP,108
1729452776.740446,162.159.136.234,192.168.1.25,TCP,60
1729452776.842417,162.159.136.234,192.168.1.25,TCP,93
1729452776.893741,192.168.1.25,162.159.136.234,TCP,54
1729452777.439691,192.168.1.25,104.244.43.131,TCP,55
1729452777.448474,104.244.43.131,192.168.1.25,TCP,66
1729452777.692379,,,TCP,75
1729452777.705234,,,TCP,86
1729452777.74144,192.168.1.25,20.42.73.25,TCP,167
1729452777.887182,20.42.73.25,192.168.1.25,TCP,153
1729452777.92812,192.168.1.25,20.42.73.25,TCP,54
1729452780.24685,,,TCP,154
1729452780.278893,,,TCP,137
1729452780.321398,,,TCP,74
1729452782.488559,192.168.1.25,20.42.73.25,TCP,167
1729452782.582563,20.42.73.25,192.168.1.25,TCP,60
1729452782.595928,20.42.73.25,192.168.1.25,TCP,153
1729452782.733294,20.42.73.25,192.168.1.25,TCP,60
1729452783.837868,192.168.1.25,140.82.112.25,TCP,55
1729452783.935298,140.82.112.25,192.168.1.25,TCP,66
1729452784.559949,,,TCP,154
1729452784.582143,,,TCP,137
1729452784.634026,,,TCP,74
1729452784.796173,192.168.1.25,140.82.121.4,SYN Flood,66
1729452784.812668,140.82.121.4,192.168.1.25,SYN-ACK,66
1729452784.814506,192.168.1.25,140.82.121.4,TCP,330
1729452784.831535,140.82.121.4,192.168.1.25,TCP,1490
1729452784.837472,192.168.1.25,140.82.121.4,TCP,118
1729452784.852819,140.82.121.4,192.168.1.25,TCP,133
1729452784.899451,140.82.121.4,192.168.1.25,TCP,60
1729452784.951205,140.82.121.4,192.168.1.25,TCP,431
1729452784.994964,192.168.1.25,140.82.121.4,TCP,54
1729452785.002847,192.168.1.25,140.82.121.4,TCP,405
1729452785.1743,140.82.121.4,192.168.1.25,TCP,862
1729452785.214998,192.168.1.25,140.82.121.4,TCP,54
1729452785.260559,192.168.1.25,140.82.121.4,TCP,4145
1729452785.27638,140.82.121.4,192.168.1.25,TCP,60
1729452785.38813,,,TCP,75
1729452785.403393,,,TCP,86
1729452785.728363,140.82.121.4,192.168.1.25,TCP,823
1729452785.733278,192.168.1.25,140.82.121.4,TCP,78
1729452785.750372,140.82.121.4,192.168.1.25,TCP,60
1729452785.809998,192.168.1.25,140.82.121.4,SYN Flood,66
1729452785.817771,140.82.121.4,192.168.1.25,SYN-ACK,66
1729452785.820128,192.168.1.25,140.82.121.4,TCP,330
1729452785.829211,140.82.121.4,192.168.1.25,TCP,1490
1729452785.832166,192.168.1.25,140.82.121.4,TCP,118
1729452785.840463,140.82.121.4,192.168.1.25,TCP,133
1729452785.885926,140.82.121.4,192.168.1.25,TCP,60
1729452785.963436,140.82.121.4,192.168.1.25,TCP,711
1729452785.971146,140.82.121.4,192.168.1.25,TCP,60
1729452786.073791,140.82.121.4,192.168.1.25,TCP,584
1729452786.091612,192.168.1.25,140.82.121.4,TCP,78
1729452786.100464,140.82.121.4,192.168.1.25,TCP,60
1729452786.175243,192.168.1.25,140.82.121.4,SYN Flood,66
1729452786.196206,140.82.121.4,192.168.1.25,SYN-ACK,66
1729452786.215006,140.82.121.4,192.168.1.25,TCP,1490
1729452786.217224,192.168.1.25,140.82.121.4,TCP,118
1729452786.232671,140.82.121.4,192.168.1.25,TCP,133
1729452786.279772,140.82.121.4,192.168.1.25,TCP,60
1729452786.346424,140.82.121.4,192.168.1.25,TCP,709
1729452786.361936,140.82.121.4,192.168.1.25,TCP,60
1729452786.461231,140.82.121.4,192.168.1.25,TCP,662
1729452786.461339,192.168.1.25,140.82.121.4,TCP,78
1729452786.480613,140.82.121.4,192.168.1.25,TCP,60
1729452786.522003,192.168.1.25,140.82.121.6,TCP,229
1729452786.529252,140.82.121.6,192.168.1.25,TCP,60
1729452786.583156,192.168.1.25,140.82.121.6,TCP,54
1729452786.683538,140.82.121.6,192.168.1.25,TCP,1490
1729452786.685661,192.168.1.25,140.82.121.6,TCP,136
1729452786.693297,140.82.121.6,192.168.1.25,TCP,60
1729452786.836057,140.82.121.6,192.168.1.25,TCP,1104
1729452786.838469,192.168.1.25,140.82.121.6,TCP,144
1729452786.891629,140.82.121.6,192.168.1.25,TCP,60
1729452787.00298,140.82.121.6,192.168.1.25,TCP,1104
1729452787.051514,192.168.1.25,140.82.121.6,TCP,54
1729452787.428612,,,TCP,113
1729452787.443823,,,TCP,74
1729452789.673131,162.159.136.234,192.168.1.25,TCP,126
1729452789.722002,192.168.1.25,162.159.136.234,TCP,54
1729452790.145222,192.168.1.25,104.244.42.193,TCP,55
1729452790.166637,104.244.42.193,192.168.1.25,TCP,66
1729452790.411118,,,TCP,75
1729452790.425811,,,TCP,86
1729452792.500106,,,TCP,120
1729452792.565987,,,TCP,74
1729452793.997203,,,TCP,154
1729452794.008952,140.82.112.26,192.168.1.25,TCP,66
1729452794.014706,,,TCP,137
1729452794.06893,,,TCP,74
1729452794.651216,192.168.1.25,140.82.121.6,TCP,219
1729452794.65881,140.82.121.6,192.168.1.25,TCP,60
1729452794.863634,140.82.121.6,192.168.1.25,TCP,1135
1729452794.913495,192.168.1.25,140.82.121.6,TCP,54
1729452794.982492,192.168.1.25,140.82.121.6,TCP,205
1729452794.990246,140.82.121.6,192.168.1.25,TCP,60
1729452795.200157,140.82.121.6,192.168.1.25,TCP,1135
1729452795.243666,192.168.1.25,140.82.121.6,TCP,54
1729452795.303817,192.168.1.25,140.82.121.6,TCP,128
1729452795.31086,140.82.121.6,192.168.1.25,TCP,60
1729452795.438342,192.168.1.25,140.82.121.6,TCP,89
1729452795.43996,192.168.1.25,140.82.121.6,TCP,128
1729452795.445775,140.82.121.6,192.168.1.25,TCP,60
1729452795.573721,140.82.121.6,192.168.1.25,TCP,1295
1729452795.619956,192.168.1.25,140.82.121.6,TCP,54
1729452795.656919,192.168.1.25,140.82.121.4,SYN Flood,66
1729452795.673369,140.82.121.4,192.168.1.25,SYN-ACK,66
1729452795.675141,192.168.1.25,140.82.121.4,TCP,330
1729452795.695649,140.82.121.4,192.168.1.25,TCP,1490
1729452795.71287,140.82.121.4,192.168.1.25,TCP,133
1729452795.814468,140.82.121.4,192.168.1.25,TCP,426
1729452795.854885,192.168.1.25,140.82.121.4,TCP,54
1729452795.865514,192.168.1.25,140.82.121.4,TCP,428
1729452795.92652,140.82.121.4,192.168.1.25,TCP,60
1729452795.984151,140.82.121.4,192.168.1.25,TCP,383
1729452795.985058,192.168.1.25,140.82.121.4,TCP,54
1729452796.139842,,,TCP,75
1729452796.148371,,,TCP,86
1729452796.468856,20.111.1.3,192.168.1.25,TCP,432
1729452796.514052,192.168.1.25,20.111.1.3,TCP,54
1729452798.310476,,,TCP,154
1729452798.346123,,,TCP,137
1729452798.394135,,,TCP,74
1729452798.442631,192.168.1.25,20.42.73.25,TCP,167
1729452798.53961,20.42.73.25,192.168.1.25,TCP,60
1729452798.700326,20.42.73.25,192.168.1.25,TCP,93
1729452798.736162,140.82.112.25,192.168.1.25,TCP,80
1729452798.741634,192.168.1.25,20.42.73.25,TCP,54
1729452798.831815,140.82.112.25,192.168.1.25,TCP,60
1729452798.834534,20.42.73.25,192.168.1.25,TCP,153
1729452798.834456,192.168.1.25,20.42.73.25,TCP,89
1729452798.984522,20.42.73.25,192.168.1.25,TCP,60
1729452800.875314,104.244.42.193,192.168.1.25,SYN-ACK,66
1729452800.903163,104.244.42.193,192.168.1.25,TCP,60
1729452800.924221,104.244.42.193,192.168.1.25,TCP,60
1729452800.984433,104.244.42.193,192.168.1.25,TCP,60
1729452801.052315,192.168.1.25,104.244.42.193,TCP,297
1729452801.073104,104.244.42.193,192.168.1.25,TCP,60
1729452801.093458,104.244.43.131,192.168.1.25,TCP,60
1729452801.120964,192.168.1.25,104.244.42.193,TCP,54
1729452801.148859,,,TCP,74
1729452801.149408,,,TCP,113
1729452801.256641,104.244.42.193,192.168.1.25,TCP,1514
1729452801.25805,192.168.1.25,104.244.42.193,TCP,89
1729452801.260646,,,TCP,153
1729452801.309173,,,TCP,74
1729452801.319244,104.244.42.193,192.168.1.25,TCP,60
1729452801.378744,104.244.42.193,192.168.1.25,TCP,144
1729452801.448749,192.168.1.25,104.244.42.193,TCP,1278
1729452801.468482,104.244.42.193,192.168.1.25,TCP,60
1729452801.471437,104.244.42.193,192.168.1.25,TCP,1514
1729452801.53139,104.244.42.193,192.168.1.25,TCP,60
1729452801.558933,192.168.1.25,104.244.42.2,SYN Flood,66
1729452801.581115,104.244.42.2,192.168.1.25,SYN-ACK,66
1729452801.605459,104.244.42.2,192.168.1.25,TCP,60
1729452801.626723,104.244.42.2,192.168.1.25,TCP,60
1729452801.62868,192.168.1.25,104.244.42.2,SYN Flood,66
1729452801.656535,104.244.42.2,192.168.1.25,SYN-ACK,66
1729452801.667604,192.168.1.25,104.244.42.193,TCP,136
1729452801.675485,104.244.43.131,192.168.1.25,TCP,60
1729452801.678153,104.244.42.2,192.168.1.25,TCP,60
1729452801.687258,104.244.42.193,192.168.1.25,TCP,60
1729452801.689381,104.244.42.2,192.168.1.25,TCP,60
1729452801.699789,104.244.42.2,192.168.1.25,TCP,60
1729452801.760546,104.244.42.2,192.168.1.25,TCP,60
1729452801.800779,104.244.42.193,192.168.1.25,TCP,1514
1729452801.822912,104.244.42.2,192.168.1.25,TCP,1495
1729452801.872244,192.168.1.25,104.244.42.2,TCP,54
1729452801.903357,192.168.1.25,104.244.42.193,TCP,311
1729452801.904485,192.168.1.25,104.244.42.193,TCP,259
1729452801.923715,104.244.42.193,192.168.1.25,TCP,60
1729452801.9245,104.244.42.193,192.168.1.25,TCP,60
1729452801.963581,192.168.1.25,104.244.42.2,TCP,232
1729452801.981606,104.244.42.193,192.168.1.25,TCP,60
1729452801.984197,104.244.42.2,192.168.1.25,TCP,60
1729452801.985325,192.168.1.25,104.244.42.2,TCP,266
1729452802.006181,104.244.42.2,192.168.1.25,TCP,60
1729452802.028534,192.168.1.25,104.244.42.2,TCP,54
1729452802.044973,104.244.42.193,192.168.1.25,TCP,278
1729452802.066866,162.159.136.234,192.168.1.25,TCP,215
1729452802.11184,104.244.42.193,192.168.1.25,TCP,225
1729452802.121929,192.168.1.25,162.159.136.234,TCP,54
1729452802.134421,104.244.42.2,192.168.1.25,TCP,704
1729452802.139487,192.168.1.25,104.244.42.193,TCP,1369
1729452802.161318,104.244.42.193,192.168.1.25,TCP,60
1729452802.162914,104.244.42.193,192.168.1.25,TCP,1514
1729452802.18385,192.168.1.25,104.244.42.2,TCP,54
1729452802.296367,104.244.42.193,192.168.1.25,TCP,1514
1729452802.306417,104.244.42.193,192.168.1.25,TCP,342
1729452802.327976,104.244.42.193,192.168.1.25,TCP,1514
1729452802.366476,192.168.1.25,104.244.42.193,TCP,285
1729452802.39923,,,TCP,74
1729452802.402336,,,TCP,74
1729452802.415528,,,TCP,74
1729452802.427091,104.244.42.193,192.168.1.25,TCP,60
1729452802.514776,104.244.42.193,192.168.1.25,TCP,237
1729452802.56128,192.168.1.25,104.244.42.193,TCP,54
1729452802.95948,104.244.42.193,192.168.1.25,TCP,1291
1729452802.972744,192.168.1.25,104.244.43.131,TCP,133
1729452802.979523,104.244.43.131,192.168.1.25,TCP,60
1729452802.98302,192.168.1.25,104.244.42.193,TCP,599
1729452802.989541,104.244.42.193,192.168.1.25,TCP,1514
1729452803.003101,104.244.42.193,192.168.1.25,TCP,60
1729452803.137477,192.168.1.25,104.244.43.131,TCP,135
1729452803.140197,192.168.1.25,104.244.43.131,TCP,179
1729452803.144516,104.244.43.131,192.168.1.25,TCP,60
1729452803.147323,104.244.43.131,192.168.1.25,TCP,1122
1729452803.149482,192.168.1.25,104.244.43.131,TCP,96
1729452803.155604,104.244.43.131,192.168.1.25,TCP,60
1729452803.157926,192.168.1.25,104.244.42.2,TCP,189
1729452803.169447,104.244.42.193,192.168.1.25,TCP,1312
1729452803.177524,104.244.42.2,192.168.1.25,TCP,60
1729452803.221683,192.168.1.25,104.244.42.193,TCP,54
1729452803.293225,104.244.42.2,192.168.1.25,TCP,318
1729452803.34351,,,TCP,173
1729452803.344744,,,TCP,173
1729452803.35296,104.244.43.131,192.168.1.25,TCP,60
1729452803.354928,104.244.43.131,192.168.1.25,TCP,148
1729452803.355323,,,TCP,74
1729452803.35698,,,TCP,74
1729452803.363637,,,TCP,1482
1729452803.365175,,,TCP,1482
1729452803.371213,,,TCP,175
1729452803.383602,,,TCP,74
1729452803.386016,,,TCP,238
1729452803.545043,104.244.43.131,192.168.1.25,TCP,60
1729452803.550103,,,TCP,74
1729452803.553396,,,TCP,489
1729452803.557277,,,TCP,1482
1729452803.593839,192.168.1.25,104.244.43.131,TCP,54
1729452803.63672,,,TCP,167
1729452803.646463,,,TCP,117
1729452803.649011,,,TCP,74
1729452803.650811,,,TCP,261
1729452803.651444,,,TCP,290
1729452803.658509,,,TCP,74
1729452803.659149,,,TCP,109
1729452803.672304,,,TCP,74
1729452803.687186,,,TCP,184
1729452803.700143,,,TCP,74
1729452803.721233,,,TCP,186
1729452803.734609,,,TCP,74
1729452803.740946,,,TCP,1482
1729452803.748543,,,TCP,189
1729452803.762875,,,TCP,74
1729452803.765671,,,TCP,1482
1729452803.767371,,,TCP,1482
1729452803.768832,,,TCP,1482
1729452803.770112,,,TCP,1482
1729452803.772126,,,TCP,1482
1729452803.774126,,,TCP,1482
1729452803.77469,,,TCP,1482
1729452803.790264,,,TCP,189
1729452803.799445,,,TCP,190
1729452803.809362,,,TCP,188
1729452803.814959,,,TCP,74
1729452803.818435,,,TCP,1482
1729452803.81925,,,TCP,1482
1729452803.82321,,,TCP,1482
1729452803.826835,,,TCP,230
1729452803.828152,,,TCP,191
1729452803.842865,,,TCP,74
1729452803.845514,,,TCP,1482
1729452803.848735,,,TCP,1482
1729452803.851131,,,TCP,1482
1729452803.853623,,,TCP,1482
1729452803.855161,,,TCP,1482
1729452804.166202,104.244.42.2,192.168.1.25,TCP,60
1729452804.288951,104.244.42.2,192.168.1.25,TCP,239
1729452804.330147,192.168.1.25,104.244.42.2,TCP,54
1729452804.838487,192.168.1.25,104.244.42.193,TCP,792
1729452804.857918,104.244.42.193,192.168.1.25,TCP,60
1729452804.990233,104.244.42.193,192.168.1.25,TCP,455
1729452805.031981,192.168.1.25,104.244.42.193,TCP,54
1729452805.398066,192.168.1.25,104.244.42.193,TCP,191
1729452805.418056,104.244.42.193,192.168.1.25,TCP,60
1729452805.538434,104.244.42.193,192.168.1.25,TCP,1514
1729452805.881604,104.244.42.2,192.168.1.25,TCP,199
1729452805.923493,192.168.1.25,104.244.42.2,TCP,54
1729452806.008689,,,TCP,117
1729452806.021155,,,TCP,74
1729452806.022655,,,TCP,114
1729452806.065796,,,TCP,74
1729452806.230654,104.244.42.2,192.168.1.25,TCP,122
1729452806.282805,192.168.1.25,104.244.42.2,TCP,54
1729452806.977699,162.159.136.234,192.168.1.25,TCP,102
1729452807.01812,192.168.1.25,162.159.136.234,TCP,54
1729452807.233155,162.159.136.234,192.168.1.25,TCP,169
1729452807.249319,162.159.136.234,192.168.1.25,TCP,126
1729452807.335715,162.159.136.234,192.168.1.25,TCP,144
1729452807.346892,162.159.136.234,192.168.1.25,TCP,104
1729452807.395306,192.168.1.25,162.159.136.234,TCP,54
1729452807.748185,,,TCP,154
1729452807.766703,,,TCP,137
1729452807.817758,,,TCP,74
1729452808.76179,140.82.112.26,192.168.1.25,TCP,80
1729452808.857465,140.82.112.26,192.168.1.25,TCP,60
1729452809.828287,162.159.136.234,192.168.1.25,TCP,395
1729452809.883571,192.168.1.25,162.159.136.234,TCP,54
1729452810.136975,104.244.42.2,192.168.1.25,TCP,98
1729452810.138282,192.168.1.25,104.244.42.2,TCP,89
1729452810.158285,104.244.42.2,192.168.1.25,TCP,60
1729452811.299893,162.159.136.234,192.168.1.25,TCP,114
1729452811.354573,192.168.1.25,162.159.136.234,TCP,54
1729452811.708748,162.159.136.234,192.168.1.25,TCP,96
1729452811.762073,192.168.1.25,162.159.136.234,TCP,54
1729452811.8211,192.168.1.25,104.244.42.193,TCP,270
1729452811.841469,104.244.42.193,192.168.1.25,TCP,60
1729452812.059982,,,TCP,154
1729452812.082105,,,TCP,137
1729452812.096742,162.159.136.234,192.168.1.25,TCP,224
1729452812.121862,,,TCP,74
1729452812.137646,192.168.1.25,162.159.136.234,TCP,54
1729452812.144114,104.244.42.193,192.168.1.25,TCP,266
1729452812.145919,192.168.1.25,104.244.42.193,TCP,89
1729452812.444049,,,TCP,175
1729452812.453525,192.168.1.25,104.244.42.193,TCP,1610
1729452812.455885,,,TCP,74
1729452812.464411,,,TCP,1482
1729452812.465733,,,TCP,116
1729452812.474377,104.244.42.193,192.168.1.25,TCP,60
1729452812.477194,,,TCP,74
1729452813.079393,104.244.42.193,192.168.1.25,TCP,1358
1729452813.094623,192.168.1.25,104.244.43.131,TCP,133
1729452813.103195,104.244.43.131,192.168.1.25,TCP,60
1729452813.10464,104.244.43.131,192.168.1.25,TCP,147
1729452813.122032,192.168.1.25,104.244.42.193,TCP,54
1729452813.300392,192.168.1.25,104.244.42.2,TCP,237
1729452813.333514,104.244.42.2,192.168.1.25,TCP,60
1729452813.34419,104.244.42.2,192.168.1.25,TCP,111
1729452813.397859,192.168.1.25,104.244.42.2,TCP,54
1729452813.441982,104.244.42.193,192.168.1.25,TCP,1514
1729452813.447628,104.244.42.2,192.168.1.25,TCP,243
1729452813.494431,192.168.1.25,104.244.42.2,TCP,54
1729452813.638439,192.168.1.25,104.244.43.131,TCP,133
1729452813.638722,,,TCP,174
1729452813.646004,104.244.43.131,192.168.1.25,TCP,60
1729452813.647491,104.244.43.131,192.168.1.25,TCP,60
1729452813.651596,,,TCP,74
1729452813.653419,,,TCP,1482
1729452813.655651,,,TCP,1482
1729452813.663572,104.244.43.131,192.168.1.25,TCP,60
1729452813.713878,192.168.1.25,104.244.43.131,TCP,135
1729452813.716062,,,TCP,192
1729452813.719468,192.168.1.25,104.244.43.131,TCP,97
1729452813.720528,104.244.43.131,192.168.1.25,TCP,60
1729452813.726151,,,TCP,74
1729452813.726991,104.244.43.131,192.168.1.25,TCP,60
1729452813.729467,,,TCP,291
1729452813.730249,,,TCP,1482
1729452813.731835,,,TCP,219
1729452813.739037,,,TCP,109
1729452813.752707,,,TCP,74
1729452813.773815,192.168.1.25,104.244.43.131,TCP,54
1729452813.80933,,,TCP,168
1729452813.813593,,,TCP,184
1729452813.827035,,,TCP,74
1729452813.827598,,,TCP,74
1729452813.857077,,,TCP,187
1729452813.863292,,,TCP,168
1729452813.866606,,,TCP,184
1729452813.870551,,,TCP,74
1729452813.875823,,,TCP,74
1729452813.87946,,,TCP,1482
1729452813.881552,,,TCP,188
1729452813.881922,,,TCP,1482
1729452813.882871,,,TCP,74
1729452813.890708,,,TCP,187
1729452813.895887,,,TCP,74
1729452813.899872,,,TCP,1482
1729452813.901356,,,TCP,1482
1729452813.905853,,,TCP,1482
1729452813.908311,,,TCP,988
1729452813.910243,,,TCP,1482
1729452813.917025,,,TCP,189
1729452813.939729,,,TCP,74
1729452813.941788,,,TCP,1482
1729452813.947197,,,TCP,1482
1729452813.949664,,,TCP,1482
1729452813.951388,,,TCP,1482
1729452813.977307,,,TCP,189
1729452813.994461,,,TCP,74
1729452813.996805,,,TCP,1482
1729452814.000255,,,TCP,1482
1729452814.002305,,,TCP,1482
1729452814.0059,,,TCP,1482
1729452814.007289,,,TCP,1482
1729452814.009759,,,TCP,1482
1729452814.011158,,,TCP,1482
1729452814.65474,192.168.1.25,104.244.42.2,TCP,239
1729452814.675442,104.244.42.2,192.168.1.25,TCP,60
1729452814.789823,104.244.42.2,192.168.1.25,TCP,243
1729452814.835852,192.168.1.25,104.244.42.2,TCP,54
1729452817.984044,192.168.1.25,162.159.136.234,TCP,108
1729452817.992152,162.159.136.234,192.168.1.25,TCP,60
1729452818.091399,162.159.136.234,192.168.1.25,TCP,94
1729452818.13716,192.168.1.25,162.159.136.234,TCP,54
1729452818.14107,104.244.42.2,192.168.1.25,TCP,128
1729452818.142396,192.168.1.25,104.244.42.2,TCP,89
1729452818.162966,104.244.42.2,192.168.1.25,TCP,60
1729452818.566746,104.244.42.2,192.168.1.25,TCP,121
1729452818.61,192.168.1.25,104.244.42.2,TCP,54
1729452819.040518,192.168.1.25,104.244.42.193,TCP,260
1729452819.061181,104.244.42.193,192.168.1.25,TCP,60
1729452819.291534,104.244.42.2,192.168.1.25,TCP,117
1729452819.318185,104.244.42.193,192.168.1.25,TCP,1338
1729452819.319524,192.168.1.25,104.244.42.193,TCP,89
1729452819.335432,192.168.1.25,104.244.42.2,TCP,54
1729452819.340341,104.244.42.193,192.168.1.25,TCP,60
1729452819.965479,192.168.1.25,104.244.43.131,TCP,133
1729452819.973658,104.244.43.131,192.168.1.25,TCP,60
1729452819.974903,104.244.43.131,192.168.1.25,TCP,101
1729452820.297893,192.168.1.25,104.244.42.193,TCP,332
1729452820.318718,104.244.42.193,192.168.1.25,TCP,60
1729452820.369868,192.168.1.25,104.244.43.131,TCP,144
1729452820.409915,104.244.43.131,192.168.1.25,TCP,60
1729452820.463527,192.168.1.25,104.244.43.131,TCP,54
1729452820.68709,162.159.136.234,192.168.1.25,TCP,128
1729452820.694883,104.244.43.131,192.168.1.25,TCP,60
1729452820.696146,104.244.43.131,192.168.1.25,TCP,148
1729452820.728646,192.168.1.25,162.159.136.234,TCP,54
1729452820.743723,192.168.1.25,104.244.43.131,TCP,54
1729452820.749743,192.168.1.25,104.244.42.2,TCP,238
1729452820.771171,104.244.42.2,192.168.1.25,TCP,60
1729452820.821252,192.168.1.25,152.199.19.160,TCP,55
1729452820.861131,152.199.19.160,192.168.1.25,TCP,60
1729452820.894114,104.244.42.2,192.168.1.25,TCP,238
1729452820.947658,192.168.1.25,104.244.42.2,TCP,54
1729452821.187196,104.244.42.193,192.168.1.25,TCP,175
1729452821.227078,192.168.1.25,104.244.42.193,TCP,54
1729452821.49698,,,TCP,154
1729452821.529117,,,TCP,137
1729452821.571617,,,TCP,74
1729452823.587603,104.244.42.2,192.168.1.25,TCP,100
1729452823.589331,192.168.1.25,104.244.42.2,TCP,89
1729452823.610248,104.244.42.2,192.168.1.25,TCP,60
1729452823.869558,,,SYN Flood,86
1729452823.879347,,,SYN-ACK,86
1729452823.892142,,,TCP,74
1729452823.896698,,,TCP,355
1729452823.904107,,,TCP,74
1729452823.912601,162.159.136.234,192.168.1.25,TCP,111
1729452823.950951,,,TCP,74
1729452823.966016,192.168.1.25,162.159.136.234,TCP,54
1729452824.106595,192.168.1.25,162.159.136.234,TCP,54
1729452824.691298,,,TCP,191
1729452824.706249,,,TCP,74
1729452824.707835,,,TCP,109
1729452824.708507,,,TCP,1482
1729452824.711597,,,TCP,1482
1729452824.712402,,,TCP,1482
1729452824.715259,,,TCP,1482
1729452824.718243,,,TCP,1482
1729452824.721385,,,TCP,74
1729452824.771722,,,TCP,173
1729452824.783631,,,TCP,74
1729452824.785486,,,TCP,1482
1729452824.786859,,,TCP,116
1729452824.788306,,,TCP,184
1729452824.790423,,,TCP,192
1729452824.798704,,,TCP,74
1729452824.800971,,,TCP,74
1729452824.802763,,,TCP,74
1729452824.809327,,,TCP,305
1729452824.810586,,,TCP,1482
1729452824.833221,,,TCP,183
1729452824.837522,,,TCP,190
1729452824.84589,,,TCP,74
1729452824.848147,,,TCP,728
1729452824.853302,,,TCP,192
1729452824.861019,,,TCP,185
1729452824.874494,,,TCP,74
1729452824.875834,,,TCP,1107
1729452824.883026,,,TCP,187
1729452824.895614,,,TCP,74
1729452824.898372,,,TCP,1482
1729452824.900558,,,TCP,1482
1729452824.9027,,,TCP,1482
1729452824.90634,,,TCP,1482
1729452824.908953,,,TCP,1482
1729452824.912269,,,TCP,1482
1729452824.94597,,,TCP,188
1729452824.958952,,,TCP,74
1729452824.962773,,,TCP,1482
1729452824.972432,,,TCP,190
1729452824.985552,,,TCP,74
1729452824.987832,,,TCP,1482
1729452824.989118,,,TCP,1482
1729452824.99173,,,TCP,1482
1729452824.992381,,,TCP,1482
1729452824.994979,,,TCP,1482
1729452824.998215,,,TCP,1482
1729452825.017835,,,TCP,74
1729452825.019764,,,TCP,233
1729452825.022518,,,TCP,1482
1729452825.027691,,,TCP,1482
1729452825.032757,,,TCP,189
1729452825.036368,,,TCP,189
1729452825.046038,,,TCP,74
1729452825.048054,,,TCP,1482
1729452825.050475,,,TCP,1482
1729452825.05237,,,TCP,854
1729452825.575311,140.82.121.6,192.168.1.25,TCP,93
1729452825.58851,140.82.121.6,192.168.1.25,TCP,60
1729452825.774099,192.168.1.25,104.244.42.2,TCP,235
1729452825.794644,104.244.42.2,192.168.1.25,TCP,60
1729452825.809937,,,TCP,154
1729452825.833805,,,TCP,137
1729452825.889525,,,TCP,74
1729452825.91756,104.244.42.2,192.168.1.25,TCP,239
1729452825.968416,192.168.1.25,104.244.42.2,TCP,54
1729452827.294731,104.244.42.2,192.168.1.25,TCP,119
1729452827.338482,192.168.1.25,104.244.42.2,TCP,54
1729452827.732804,192.168.1.25,104.244.42.193,TCP,254
1729452827.752903,104.244.42.193,192.168.1.25,TCP,60
1729452827.94289,104.244.42.193,192.168.1.25,TCP,644
1729452827.943329,192.168.1.25,104.244.42.193,TCP,89
1729452827.964199,104.244.42.193,192.168.1.25,TCP,60
1729452827.987729,192.168.1.25,104.244.43.131,TCP,183
1729452827.988396,,,TCP,174
1729452827.99036,,,TCP,175
1729452827.994882,104.244.43.131,192.168.1.25,TCP,60
1729452827.996909,192.168.1.25,104.244.43.131,TCP,54
1729452828.001951,,,TCP,74
1729452828.002427,,,TCP,1482
1729452828.007459,,,TCP,1482
1729452828.009686,,,TCP,1482
1729452828.010865,,,TCP,304
1729452828.021204,,,TCP,1482
1729452828.023357,,,TCP,1482
1729452828.089305,192.168.1.25,104.244.43.131,TCP,160
1729452828.096348,104.244.43.131,192.168.1.25,TCP,60
1729452828.343375,104.244.42.2,192.168.1.25,TCP,106
1729452828.388952,192.168.1.25,104.244.42.2,TCP,54
1729452828.700171,192.168.1.25,104.244.42.2,TCP,241
1729452828.721392,104.244.42.2,192.168.1.25,TCP,60
1729452828.776239,104.244.42.193,192.168.1.25,TCP,174
1729452828.829837,192.168.1.25,104.244.42.193,TCP,54
1729452828.837615,104.244.42.2,192.168.1.25,TCP,238
1729452828.839301,192.168.1.25,104.244.42.2,TCP,89
1729452828.89981,104.244.42.2,192.168.1.25,TCP,60
1729452830.415129,,,TCP,75
1729452830.429526,,,TCP,86
1729452830.650738,104.244.42.193,192.168.1.25,TCP,60
1729452830.651826,199.232.168.159,192.168.1.25,SYN-ACK,66
1729452830.657732,104.244.42.193,192.168.1.25,TCP,60
1729452830.667917,199.232.168.159,192.168.1.25,TCP,60
1729452830.668829,192.168.1.25,199.232.168.159,TCP,147
1729452830.682705,199.232.168.159,192.168.1.25,TCP,60
1729452830.684379,199.232.168.159,192.168.1.25,TCP,706
1729452830.696073,199.232.168.159,192.168.1.25,TCP,60
1729452830.759755,192.168.1.25,104.244.42.193,TCP,706
1729452830.761803,192.168.1.25,104.244.42.193,TCP,1558
1729452830.769288,,,TCP,174
1729452830.771721,,,TCP,117
1729452830.779387,104.244.42.193,192.168.1.25,TCP,60
1729452830.782116,,,TCP,74
1729452830.782909,104.244.42.193,192.168.1.25,TCP,60
1729452830.785042,,,TCP,1482
1729452830.79712,,,TCP,74
1729452830.799751,104.244.42.193,192.168.1.25,TCP,579
1729452830.852988,192.168.1.25,104.244.42.193,TCP,54
1729452830.85435,104.244.42.193,192.168.1.25,TCP,321
1729452830.899398,192.168.1.25,104.244.42.193,TCP,54
1729452830.953883,104.244.42.193,192.168.1.25,TCP,1514
1729452830.959366,104.244.42.193,192.168.1.25,TCP,974
1729452830.980947,104.244.42.193,192.168.1.25,TCP,917
1729452831.014975,,,TCP,172
1729452831.027342,,,TCP,74
1729452831.029225,,,TCP,1482
1729452831.030629,,,TCP,1482
1729452831.030378,,,TCP,1482
1729452831.171916,104.244.42.193,192.168.1.25,TCP,250
1729452831.214127,192.168.1.25,104.244.42.193,TCP,54
1729452831.39868,104.244.42.193,192.168.1.25,TCP,1514
1729452831.457799,192.168.1.25,104.244.42.193,TCP,499
1729452831.479309,104.244.42.193,192.168.1.25,TCP,60
1729452831.569754,192.168.1.25,104.244.42.193,TCP,325
1729452831.571787,192.168.1.25,104.244.42.193,TCP,922
1729452831.576019,192.168.1.25,104.244.42.2,TCP,1213
1729452831.592355,104.244.42.193,192.168.1.25,TCP,60
1729452831.599365,104.244.42.2,192.168.1.25,TCP,60
1729452831.723186,104.244.42.2,192.168.1.25,TCP,239
1729452831.727835,104.244.42.193,192.168.1.25,TCP,239
1729452831.778214,192.168.1.25,104.244.42.2,TCP,54
1729452831.789395,104.244.42.193,192.168.1.25,TCP,60
1729452831.820219,104.244.42.193,192.168.1.25,TCP,461
1729452831.828308,104.244.42.193,192.168.1.25,TCP,1514
1729452831.859052,192.168.1.25,104.244.43.131,TCP,131
1729452831.860037,,,TCP,174
1729452831.866103,104.244.43.131,192.168.1.25,TCP,60
1729452831.866698,192.168.1.25,104.244.43.131,TCP,96
1729452831.86873,104.244.43.131,192.168.1.25,TCP,177
1729452831.871531,,,TCP,74
1729452831.8728,,,TCP,280
1729452831.874764,104.244.43.131,192.168.1.25,TCP,60
1729452831.87911,,,TCP,74
1729452831.884249,104.244.42.193,192.168.1.25,TCP,352
1729452831.909332,104.244.42.193,192.168.1.25,TCP,1514
1729452831.917352,192.168.1.25,104.244.43.131,TCP,54
1729452832.212307,192.168.1.25,104.244.43.131,TCP,137
1729452832.219131,104.244.43.131,192.168.1.25,TCP,60
1729452832.313198,192.168.1.25,104.244.43.131,TCP,137
1729452832.320465,104.244.43.131,192.168.1.25,TCP,60
1729452832.321877,104.244.43.131,192.168.1.25,TCP,119
1729452832.372805,192.168.1.25,104.244.43.131,TCP,54
1729452832.452769,,,TCP,75
1729452832.463733,104.244.42.193,192.168.1.25,TCP,188
1729452832.466161,,,TCP,86
1729452832.515438,192.168.1.25,104.244.42.193,TCP,54
1729452833.030433,192.168.1.25,104.244.42.2,TCP,292
1729452833.050184,104.244.42.2,192.168.1.25,TCP,60
1729452833.174475,104.244.42.2,192.168.1.25,TCP,296
1729452833.22151,192.168.1.25,104.244.42.2,TCP,54
1729452833.263471,192.168.1.25,104.244.43.131,TCP,179
1729452833.27087,104.244.43.131,192.168.1.25,TCP,60
1729452833.276164,,,TCP,74
1729452833.279237,,,TCP,1482
1729452833.284348,,,TCP,185
1729452833.285339,,,TCP,193
1729452833.291944,192.168.1.25,104.244.42.193,TCP,1618
1729452833.29668,,,TCP,74
1729452833.29947,,,TCP,74
1729452833.300607,,,TCP,109
1729452833.301419,,,TCP,1482
1729452833.313235,104.244.42.193,192.168.1.25,TCP,60
1729452833.318125,192.168.1.25,104.244.43.131,TCP,54
1729452833.34077,,,TCP,184
1729452833.354032,,,TCP,74
1729452833.358477,,,TCP,187
1729452833.371623,,,TCP,74
1729452833.374251,,,TCP,976
1729452833.375375,,,TCP,189
1729452833.377045,,,TCP,187
1729452833.393506,,,TCP,74
1729452833.395191,,,TCP,1482
1729452833.397436,,,TCP,1482
1729452833.476585,104.244.42.193,192.168.1.25,TCP,1077
1729452833.498997,104.244.42.193,192.168.1.25,TCP,60
1729452833.733724,104.244.42.193,192.168.1.25,TCP,1514
1729452834.032053,104.244.42.193,192.168.1.25,TCP,153
1729452834.148367,192.168.1.25,104.244.42.2,TCP,305
1729452834.16836,104.244.42.2,192.168.1.25,TCP,60
1729452834.300267,104.244.42.2,192.168.1.25,TCP,758
1729452834.301326,192.168.1.25,104.244.42.2,TCP,89
1729452834.322425,104.244.42.2,192.168.1.25,TCP,60
1729452835.247168,,,TCP,154
1729452835.267563,,,TCP,137
1729452835.32246,,,TCP,74
1729452836.008892,,,TCP,117
1729452836.02063,,,TCP,74
1729452836.024281,,,TCP,114
1729452836.074748,,,TCP,74
1729452836.163082,162.159.136.234,192.168.1.25,TCP,115
1729452836.21688,192.168.1.25,162.159.136.234,TCP,54
1729452837.571507,,,TCP,75
1729452837.585446,,,TCP,86
1729452839.559652,,,TCP,154
1729452839.578625,,,TCP,137
1729452839.626329,,,TCP,74
1729452841.149046,,,TCP,75
1729452841.157112,,,TCP,86
1729452841.480714,192.168.1.25,20.111.1.3,TCP,55
1729452841.495294,20.111.1.3,192.168.1.25,TCP,66
1729452842.293732,162.159.136.234,192.168.1.25,TCP,184
1729452842.347445,192.168.1.25,162.159.136.234,TCP,54
1729452842.368793,,,TCP,175
1729452842.376003,192.168.1.25,104.244.42.193,TCP,359
1729452842.377837,192.168.1.25,104.244.42.193,TCP,265
1729452842.380659,,,TCP,74
1729452842.384371,,,TCP,319
1729452842.384638,,,TCP,116
1729452842.39666,,,TCP,74
1729452842.399575,104.244.42.193,192.168.1.25,TCP,60
1729452842.553275,104.244.42.193,192.168.1.25,TCP,499
1729452842.554835,192.168.1.25,104.244.42.193,TCP,89
1729452842.57371,104.244.42.193,192.168.1.25,TCP,1015
1729452842.610576,104.244.42.193,192.168.1.25,TCP,404
1729452842.737664,104.244.42.193,192.168.1.25,TCP,1514
1729452842.819412,192.168.1.25,104.244.42.193,TCP,259
1729452842.85328,104.244.42.193,192.168.1.25,TCP,244
1729452842.907296,192.168.1.25,104.244.42.193,TCP,54
1729452843.125574,104.244.42.193,192.168.1.25,TCP,1514
1729452843.250635,,,TCP,168
1729452843.259478,104.244.43.131,192.168.1.25,TCP,60
1729452843.262327,,,TCP,74
1729452843.299666,192.168.1.25,104.244.43.131,TCP,54
1729452843.386513,,,TCP,169
1729452843.38904,,,TCP,117
1729452843.398167,192.168.1.25,104.244.43.131,TCP,180
1729452843.400382,,,TCP,261
1729452843.405676,104.244.43.131,192.168.1.25,TCP,60
1729452843.408792,104.244.43.131,192.168.1.25,TCP,1478
1729452843.410505,104.244.43.131,192.168.1.25,TCP,1478
1729452843.418024,104.244.43.131,192.168.1.25,TCP,60
1729452843.448505,,,TCP,1482
1729452843.450254,,,TCP,1482
1729452843.455641,192.168.1.25,104.244.42.2,TCP,236
1729452843.476143,104.244.42.2,192.168.1.25,TCP,60
1729452843.507051,,,TCP,1482
1729452843.507982,,,TCP,1482
1729452843.510007,,,TCP,168
1729452843.523111,,,TCP,74
1729452843.525966,,,TCP,1482
1729452843.526817,,,TCP,1482
1729452843.605297,192.168.1.25,104.244.42.2,TCP,89
1729452843.697032,104.244.42.193,192.168.1.25,TCP,249
1729452843.751866,192.168.1.25,104.244.42.193,TCP,54
1729452843.826402,162.159.136.234,192.168.1.25,TCP,120
1729452843.846559,192.168.1.25,140.82.112.25,TCP,55
1729452843.878145,192.168.1.25,162.159.136.234,TCP,54
1729452843.942704,140.82.112.25,192.168.1.25,TCP,66
1729452843.988128,192.168.1.25,20.42.73.25,TCP,55
1729452844.080579,20.42.73.25,192.168.1.25,TCP,66
1729452844.400035,192.168.1.25,104.244.42.2,TCP,234
1729452844.420548,104.244.42.2,192.168.1.25,TCP,60
1729452844.515461,,,TCP,173
1729452844.523488,104.244.43.131,192.168.1.25,TCP,60
1729452844.528207,,,TCP,74
1729452844.53171,,,TCP,1482
1729452844.545746,104.244.42.2,192.168.1.25,TCP,238
1729452844.569956,192.168.1.25,104.244.43.131,TCP,54
1729452844.60079,192.168.1.25,104.244.42.2,TCP,54
1729452844.956275,,,SYN-ACK,86
1729452844.966825,,,TCP,74
1729452844.995467,,,SYN-ACK,86
1729452845.018362,,,TCP,74
1729452845.049812,,,TCP,74
1729452845.061364,,,TCP,74
1729452845.069576,,,TCP,274
1729452845.08918,,,TCP,74
1729452845.094335,,,TCP,297
1729452845.142437,,,TCP,74
1729452845.272409,,,TCP,74
1729452845.278078,,,TCP,355
1729452845.350506,,,TCP,356
1729452845.416343,,,TCP,74
1729452845.469063,,,TCP,74
1729452845.516914,192.168.1.25,104.244.42.2,TCP,235
1729452845.537045,104.244.42.2,192.168.1.25,TCP,60
1729452845.660187,104.244.42.2,192.168.1.25,TCP,243
1729452845.704078,192.168.1.25,104.244.42.2,TCP,54
1729452846.03643,192.168.1.25,104.244.42.193,TCP,55
1729452846.057043,104.244.42.193,192.168.1.25,TCP,66
1729452846.270094,,,TCP,75
1729452846.277482,,,TCP,86
1729452846.44777,162.159.136.234,192.168.1.25,TCP,227
1729452846.465661,162.159.136.234,192.168.1.25,TCP,96
1729452846.506829,192.168.1.25,162.159.136.234,TCP,54
1729452846.993812,192.168.1.25,104.244.42.2,TCP,55
1729452848.580935,,,TCP,113
1729452848.594943,,,TCP,74
1729452848.997446,,,TCP,154
1729452849.032125,,,TCP,137
1729452849.650994,,,TCP,174
1729452849.666894,,,TCP,245
1729452849.71281,,,TCP,74
1729452850.64301,162.159.136.234,192.168.1.25,TCP,200
1729452850.688224,192.168.1.25,162.159.136.234,TCP,54
1729452851.035666,,,TCP,74
1729452852.015382,162.159.136.234,192.168.1.25,TCP,120
1729452852.068334,192.168.1.25,162.159.136.234,TCP,54
1729452852.553344,192.168.1.25,104.244.42.2,TCP,243
1729452852.573582,104.244.42.2,192.168.1.25,TCP,60
1729452852.694904,104.244.42.2,192.168.1.25,TCP,243
1729452852.696877,192.168.1.25,104.244.42.2,TCP,89
1729452852.717481,104.244.42.2,192.168.1.25,TCP,60
1729452853.023195,162.159.136.234,192.168.1.25,TCP,156
1729452853.070591,192.168.1.25,162.159.136.234,TCP,54
1729452853.341164,,,TCP,137
1729452853.352361,104.244.42.2,192.168.1.25,TCP,94
1729452853.353526,192.168.1.25,104.244.42.2,TCP,89
1729452853.373365,104.244.42.2,192.168.1.25,TCP,60
1729452853.849053,,,TCP,74
1729452853.868115,192.168.1.25,140.82.112.26,TCP,55
1729452854.448801,192.168.1.25,162.159.135.232,SYN Flood,66
1729452854.457104,162.159.135.232,192.168.1.25,SYN-ACK,66
1729452854.466781,162.159.135.232,192.168.1.25,TCP,60
1729452854.516905,162.159.135.232,192.168.1.25,TCP,60
1729452854.517496,192.168.1.25,162.159.135.232,TCP,476
1729452854.525583,162.159.135.232,192.168.1.25,TCP,60
1729452854.575217,162.159.135.232,192.168.1.25,TCP,60
1729452854.618052,192.168.1.25,162.159.135.232,TCP,476
1729452854.62571,162.159.135.232,192.168.1.25,TCP,60
1729452854.674563,192.168.1.25,162.159.135.232,TCP,476
1729452854.681964,162.159.135.232,192.168.1.25,TCP,60
1729452854.725435,192.168.1.25,162.159.135.232,TCP,476
1729452854.736639,162.159.135.232,192.168.1.25,TCP,60
1729452854.777982,192.168.1.25,162.159.135.232,TCP,476
1729452854.786963,162.159.135.232,192.168.1.25,TCP,60
1729452854.839762,162.159.135.232,192.168.1.25,TCP,60
1729452854.881682,192.168.1.25,162.159.135.232,TCP,476
1729452854.88891,162.159.135.232,192.168.1.25,TCP,60
1729452854.933604,192.168.1.25,162.159.135.232,TCP,476
1729452854.98403,192.168.1.25,162.159.135.232,TCP,476
1729452855.035539,192.168.1.25,162.159.135.232,TCP,476
1729452855.043027,162.159.135.232,192.168.1.25,TCP,60
1729452855.149073,192.168.1.25,162.159.135.232,TCP,476
1729452855.250283,162.159.135.232,192.168.1.25,TCP,60
1729452855.26023,162.159.135.232,192.168.1.25,TCP,60
1729452855.282941,192.168.1.25,162.159.135.232,TCP,476
1729452855.291348,162.159.135.232,192.168.1.25,TCP,60
1729452855.453805,162.159.135.232,192.168.1.25,TCP,60
1729452855.550561,192.168.1.25,162.159.135.232,TCP,476
1729452855.653613,192.168.1.25,162.159.135.232,TCP,476
1729452855.695701,162.159.135.232,192.168.1.25,TCP,60
1729452855.704085,192.168.1.25,162.159.135.232,TCP,476
1729452855.71058,162.159.135.232,192.168.1.25,TCP,60
1729452855.75695,192.168.1.25,162.159.135.232,TCP,476
1729452855.808735,192.168.1.25,162.159.135.232,TCP,476
1729452855.81655,162.159.135.232,192.168.1.25,TCP,60
1729452855.860347,192.168.1.25,162.159.135.232,TCP,476
1729452855.868258,162.159.135.232,192.168.1.25,TCP,60
1729452855.911999,192.168.1.25,162.159.135.232,TCP,476
1729452855.919433,162.159.135.232,192.168.1.25,TCP,60
1729452855.96496,192.168.1.25,162.159.135.232,TCP,476
1729452855.973823,162.159.135.232,192.168.1.25,TCP,60
1729452856.023614,162.159.135.232,192.168.1.25,TCP,60
1729452856.0686,192.168.1.25,162.159.135.232,TCP,476
1729452856.078935,162.159.135.232,192.168.1.25,TCP,60
1729452856.099371,192.168.1.25,162.159.136.234,TCP,171
1729452856.107123,162.159.136.234,192.168.1.25,TCP,60
1729452856.160159,,,TCP,377
1729452856.168986,192.168.1.25,162.159.135.232,TCP,476
1729452856.176717,162.159.135.232,192.168.1.25,TCP,60
1729452856.179626,,,TCP,152
1729452856.22227,,,TCP,74
1729452856.224733,192.168.1.25,162.159.135.232,TCP,476
1729452856.230493,162.159.136.234,192.168.1.25,TCP,208
1729452856.259234,,,TCP,120
1729452856.264358,,,TCP,105
1729452856.266657,,,TCP,74
1729452856.282611,162.159.135.232,192.168.1.25,TCP,60
1729452856.284775,192.168.1.25,162.159.136.234,TCP,54
1729452856.294713,,,TCP,74
1729452856.444737,192.168.1.25,162.159.135.232,TCP,476
1729452856.507583,192.168.1.25,162.159.135.232,TCP,476
1729452856.515341,162.159.135.232,192.168.1.25,TCP,60
1729452856.572672,192.168.1.25,162.159.135.232,TCP,476
1729452856.580579,162.159.135.232,192.168.1.25,TCP,60
1729452856.623635,192.168.1.25,162.159.135.232,TCP,476
1729452856.63118,162.159.135.232,192.168.1.25,TCP,60
1729452856.676804,192.168.1.25,162.159.135.232,TCP,476
1729452856.686917,162.159.135.232,192.168.1.25,TCP,60
1729452856.727861,192.168.1.25,162.159.135.232,TCP,476
1729452856.736326,162.159.135.232,192.168.1.25,TCP,60
1729452856.785049,192.168.1.25,162.159.135.232,TCP,476
1729452856.792351,162.159.135.232,192.168.1.25,TCP,60
1729452856.857738,192.168.1.25,162.159.135.232,TCP,476
1729452856.866282,162.159.135.232,192.168.1.25,TCP,60
1729452856.909165,192.168.1.25,162.159.135.232,TCP,476
1729452856.91615,162.159.135.232,192.168.1.25,TCP,60
1729452856.961937,192.168.1.25,162.159.135.232,TCP,476
1729452856.969102,162.159.135.232,192.168.1.25,TCP,60
1729452857.013132,192.168.1.25,162.159.135.232,TCP,476
1729452857.020845,162.159.135.232,192.168.1.25,TCP,60
1729452857.06815,192.168.1.25,162.159.135.232,TCP,476
1729452857.076151,162.159.135.232,192.168.1.25,TCP,60
1729452857.122476,192.168.1.25,162.159.135.232,TCP,476
1729452857.129786,162.159.135.232,192.168.1.25,TCP,60
1729452857.172568,192.168.1.25,162.159.135.232,TCP,476
1729452857.179512,162.159.135.232,192.168.1.25,TCP,60
1729452857.223294,192.168.1.25,162.159.135.232,TCP,476
1729452857.230532,162.159.135.232,192.168.1.25,TCP,60
1729452857.273865,192.168.1.25,162.159.135.232,TCP,476
1729452857.281513,162.159.135.232,192.168.1.25,TCP,60
1729452857.325869,192.168.1.25,162.159.135.232,TCP,476
1729452857.336336,162.159.135.232,192.168.1.25,TCP,60
1729452857.377093,192.168.1.25,162.159.135.232,TCP,476
1729452857.386636,162.159.135.232,192.168.1.25,TCP,60
1729452857.428131,192.168.1.25,162.159.135.232,TCP,476
1729452857.436233,162.159.135.232,192.168.1.25,TCP,60
1729452857.480281,192.168.1.25,162.159.135.232,TCP,476
1729452857.486999,162.159.135.232,192.168.1.25,TCP,60
1729452857.531314,192.168.1.25,162.159.135.232,TCP,476
1729452857.538057,162.159.135.232,192.168.1.25,TCP,60
1729452857.581702,192.168.1.25,162.159.135.232,TCP,476
1729452857.589953,162.159.135.232,192.168.1.25,TCP,60
1729452857.633299,192.168.1.25,162.159.135.232,TCP,476
1729452857.640369,162.159.135.232,192.168.1.25,TCP,60
1729452857.684576,192.168.1.25,162.159.135.232,TCP,476
1729452857.691472,162.159.135.232,192.168.1.25,TCP,60
1729452857.735408,192.168.1.25,162.159.135.232,TCP,476
1729452857.743909,162.159.135.232,192.168.1.25,TCP,60
1729452857.786059,192.168.1.25,162.159.135.232,TCP,476
1729452857.793105,162.159.135.232,192.168.1.25,TCP,60
1729452857.836761,192.168.1.25,162.159.135.232,TCP,476
1729452857.844199,162.159.135.232,192.168.1.25,TCP,60
1729452857.887628,192.168.1.25,162.159.135.232,TCP,476
1729452857.895233,162.159.135.232,192.168.1.25,TCP,60
1729452857.937669,192.168.1.25,162.159.135.232,TCP,476
1729452857.946749,162.159.135.232,192.168.1.25,TCP,60
1729452857.990118,192.168.1.25,162.159.135.232,TCP,476
1729452857.996515,162.159.135.232,192.168.1.25,TCP,60
1729452858.040747,192.168.1.25,162.159.135.232,TCP,476
1729452858.048132,162.159.135.232,192.168.1.25,TCP,60
1729452858.092278,192.168.1.25,162.159.135.232,TCP,476
1729452858.099049,162.159.135.232,192.168.1.25,TCP,60
1729452858.144195,192.168.1.25,162.159.135.232,TCP,476
1729452858.151485,162.159.135.232,192.168.1.25,TCP,60
1729452858.19471,192.168.1.25,162.159.135.232,TCP,476
1729452858.202346,162.159.135.232,192.168.1.25,TCP,60
1729452858.244844,192.168.1.25,162.159.135.232,TCP,476
1729452858.252046,162.159.135.232,192.168.1.25,TCP,60
1729452858.295729,192.168.1.25,162.159.135.232,TCP,476
1729452858.303871,162.159.135.232,192.168.1.25,TCP,60
1729452858.347111,192.168.1.25,162.159.135.232,TCP,476
1729452858.354094,162.159.135.232,192.168.1.25,TCP,60
1729452858.398452,192.168.1.25,162.159.135.232,TCP,476
1729452858.405503,162.159.135.232,192.168.1.25,TCP,60
1729452858.449716,192.168.1.25,162.159.135.232,TCP,476
1729452858.457973,162.159.135.232,192.168.1.25,TCP,60
1729452858.500511,192.168.1.25,162.159.135.232,TCP,476
1729452858.507893,162.159.135.232,192.168.1.25,TCP,60
1729452858.55103,192.168.1.25,162.159.135.232,TCP,476
1729452858.558504,162.159.135.232,192.168.1.25,TCP,60
1729452858.601245,192.168.1.25,162.159.135.232,TCP,476
1729452858.611013,162.159.135.232,192.168.1.25,TCP,60
1729452858.652604,192.168.1.25,162.159.135.232,TCP,476
1729452858.660404,162.159.135.232,192.168.1.25,TCP,60
1729452858.702618,192.168.1.25,162.159.135.232,TCP,476
1729452858.711467,162.159.135.232,192.168.1.25,TCP,60
1729452858.735425,140.82.112.25,192.168.1.25,TCP,80
1729452858.753849,192.168.1.25,162.159.135.232,TCP,476
1729452858.761568,162.159.135.232,192.168.1.25,TCP,60
1729452858.805015,192.168.1.25,162.159.135.232,TCP,476
1729452858.811476,162.159.135.232,192.168.1.25,TCP,60
1729452858.831735,140.82.112.25,192.168.1.25,TCP,60
1729452858.855034,192.168.1.25,162.159.135.232,TCP,476
1729452858.861885,162.159.135.232,192.168.1.25,TCP,60
1729452858.906011,192.168.1.25,162.159.135.232,TCP,476
1729452858.913632,162.159.135.232,192.168.1.25,TCP,60
1729452858.956156,192.168.1.25,162.159.135.232,TCP,476
1729452858.964097,162.159.135.232,192.168.1.25,TCP,60
1729452859.007436,192.168.1.25,162.159.135.232,TCP,476
1729452859.015256,162.159.135.232,192.168.1.25,TCP,60
1729452859.069234,192.168.1.25,162.159.135.232,TCP,476
1729452859.076592,162.159.135.232,192.168.1.25,TCP,60
1729452859.12528,192.168.1.25,162.159.135.232,TCP,476
1729452859.132789,162.159.135.232,192.168.1.25,TCP,60
1729452859.177624,192.168.1.25,162.159.135.232,TCP,476
1729452859.185958,162.159.135.232,192.168.1.25,TCP,60
1729452859.227801,192.168.1.25,162.159.135.232,TCP,476
1729452859.232048,192.168.1.25,162.159.136.234,TCP,108
1729452859.235873,162.159.135.232,192.168.1.25,TCP,60
1729452859.240404,162.159.136.234,192.168.1.25,TCP,60
1729452859.2811,192.168.1.25,162.159.135.232,TCP,476
1729452859.289738,162.159.135.232,192.168.1.25,TCP,60
1729452859.338905,192.168.1.25,162.159.136.234,TCP,276
1729452859.340831,162.159.136.234,192.168.1.25,TCP,94
1729452859.346043,162.159.135.232,192.168.1.25,TCP,60
1729452859.433541,192.168.1.25,162.159.136.234,TCP,145
1729452859.44191,162.159.136.234,192.168.1.25,TCP,60
1729452859.451385,162.159.136.234,192.168.1.25,TCP,151
1729452859.455637,162.159.136.234,192.168.1.25,TCP,1296
1729452859.506351,162.159.135.232,192.168.1.25,TCP,1514
1729452859.582062,192.168.1.25,162.159.136.234,TCP,293
1729452859.632093,162.159.136.234,192.168.1.25,TCP,60
1729452859.71714,162.159.136.234,192.168.1.25,TCP,163
1729452859.775669,192.168.1.25,162.159.136.234,TCP,54
1729452860.586883,192.168.1.25,162.159.135.232,TCP,55
1729452860.593478,162.159.135.232,192.168.1.25,TCP,66
1729452860.645952,192.168.1.25,162.159.136.234,TCP,54
1729452861.606914,192.168.1.25,162.159.135.232,TCP,55
1729452861.614023,162.159.135.232,192.168.1.25,TCP,66
1729452861.666546,192.168.1.25,162.159.136.234,TCP,171
1729452861.674684,162.159.136.234,192.168.1.25,TCP,60
1729452861.797051,162.159.136.234,192.168.1.25,TCP,194
1729452861.843515,192.168.1.25,162.159.136.234,TCP,54
1729452861.918146,162.159.136.234,192.168.1.25,TCP,174
1729452861.969634,192.168.1.25,162.159.136.234,TCP,54
1729452862.016861,,,SYN-ACK,86
1729452862.026595,,,TCP,74
1729452862.028397,,,TCP,167
1729452862.036209,,,TCP,74
1729452862.078901,,,TCP,74
1729452862.14637,,,TCP,827
1729452862.146962,,,TCP,364
1729452862.195594,,,TCP,74
1729452862.198673,,,TCP,1040
1729452862.206993,,,TCP,74
1729452862.228249,,,TCP,159
1729452862.230252,,,TCP,136
1729452862.23162,,,TCP,1166
1729452862.239133,,,TCP,74
1729452862.266189,,,TCP,1043
1729452862.276227,,,TCP,1273
1729452862.286667,,,TCP,74
1729452862.320427,,,TCP,315
1729452862.321736,,,TCP,142
1729452862.371269,,,TCP,74
1729452862.413359,,,TCP,146
1729452862.453663,,,TCP,74
1729452862.625427,192.168.1.25,162.159.135.232,TCP,55
1729452862.769322,,,TCP,137
1729452862.813068,,,TCP,74
1729452863.643143,192.168.1.25,162.159.135.232,TCP,55
1729452863.650617,162.159.135.232,192.168.1.25,TCP,66
1729452864.583767,192.168.1.25,162.159.135.232,TCP,54
1729452864.593435,162.159.135.232,192.168.1.25,TCP,60
1729452864.842856,192.168.1.25,104.244.42.193,TCP,795
1729452864.863686,104.244.42.193,192.168.1.25,TCP,60
1729452864.912115,192.168.1.25,162.159.136.234,TCP,54
1729452864.993479,192.168.1.25,104.244.42.193,TCP,89
1729452865.296068,162.159.136.234,192.168.1.25,TCP,139
1729452865.347273,192.168.1.25,162.159.136.234,TCP,54
1729452865.564229,162.159.136.234,192.168.1.25,TCP,104
1729452865.614918,192.168.1.25,162.159.136.234,TCP,54
1729452865.946244,152.199.19.160,192.168.1.25,TCP,111
1729452866.00878,,,TCP,117
1729452866.021289,,,TCP,74
1729452866.026078,,,TCP,114
1729452866.069078,,,TCP,74
1729452866.293936,162.159.136.234,192.168.1.25,TCP,265
1729452866.336677,192.168.1.25,162.159.136.234,TCP,54
1729452866.835397,162.159.136.234,192.168.1.25,TCP,105
1729452866.879585,192.168.1.25,162.159.136.234,TCP,54
1729452867.982598,192.168.1.25,162.159.136.234,TCP,54
1729452868.760443,140.82.112.26,192.168.1.25,TCP,80
1729452868.856111,140.82.112.26,192.168.1.25,TCP,60
1729452868.916853,162.159.136.234,192.168.1.25,TCP,113
1729452869.985371,162.159.136.234,192.168.1.25,TCP,170
1729452870.036498,192.168.1.25,162.159.136.234,TCP,54
1729452873.193895,192.168.1.25,52.182.143.213,TCP,54
1729452873.323564,52.182.143.213,192.168.1.25,TCP,60
1729452875.434583,,,TCP,75
1729452875.449267,,,TCP,86
1729452875.709906,192.168.1.25,199.232.168.159,TCP,55
1729452875.900174,,,TCP,153
1729452875.907554,,,TCP,74
1729452875.943411,,,TCP,137
1729452875.998311,,,TCP,74
1729452876.176142,162.159.136.234,192.168.1.25,TCP,110
1729452876.216222,192.168.1.25,162.159.136.234,TCP,54
1729452876.49702,,,TCP,154
1729452876.578793,,,TCP,74
1729452878.362246,104.244.42.2,192.168.1.25,TCP,93
1729452878.363502,192.168.1.25,104.244.42.2,TCP,89
1729452878.383355,104.244.42.2,192.168.1.25,TCP,60
1729452878.427312,,,TCP,86
1729452881.172619,162.159.136.234,192.168.1.25,TCP,131
1729452881.221193,192.168.1.25,162.159.136.234,TCP,54
1729452881.841675,192.168.1.25,104.244.42.2,TCP,89
1729452881.86407,104.244.42.2,192.168.1.25,TCP,60
1729452886.168658,,,TCP,86
1729452886.269379,192.168.1.25,162.159.136.234,TCP,54
1729452886.502425,192.168.1.25,20.111.1.3,TCP,55
1729452886.510809,162.159.136.234,192.168.1.25,TCP,110
1729452886.516753,20.111.1.3,192.168.1.25,TCP,66
1729452887.192813,192.168.1.25,162.159.136.234,TCP,54
1729452889.085508,192.168.1.25,20.42.73.25,TCP,55
1729452889.178337,20.42.73.25,192.168.1.25,TCP,66
1729452889.538754,192.168.1.25,104.244.43.131,TCP,55
1729452889.546117,104.244.43.131,192.168.1.25,TCP,66
1729452889.551011,,,TCP,86
1729452889.648673,,,TCP,153
1729452889.68202,,,TCP,137
1729452889.725969,,,TCP,74
1729452890.264755,,,TCP,137
1729452890.318293,,,TCP,74
1729452891.088652,104.244.42.193,192.168.1.25,TCP,66
1729452891.285072,,,TCP,75
1729452891.541766,162.159.136.234,192.168.1.25,TCP,122
1729452891.583189,192.168.1.25,162.159.136.234,TCP,54
1729452892.019551,192.168.1.25,104.244.42.2,TCP,55
1729452892.03945,104.244.42.2,192.168.1.25,TCP,66
1729452893.599962,,,TCP,75
1729452893.61399,,,TCP,86
1729452896.008499,,,TCP,117
1729452896.020729,,,TCP,74
1729452896.023606,,,TCP,114
1729452896.066737,,,TCP,74
1729452898.864921,,,TCP,86
1729452898.95923,192.168.1.25,162.159.136.234,TCP,54
1729452899.194132,,,SYN-ACK,86
1729452899.19508,,,TCP,374
1729452899.204442,,,TCP,74
1729452899.218259,,,TCP,1514
1729452899.224347,,,TCP,154
1729452899.231529,,,TCP,74
1729452899.241007,,,TCP,361
1729452899.247286,,,TCP,135
1729452899.270807,,,TCP,219
1729452899.282096,,,TCP,105
